current time(hour),finished parts,throughput (part/hour)
0.08388888888888889,0,0.0
0.1675,0,0.0
0.2511111111111111,0,0.0
0.3347222222222222,0,0.0
0.41833333333333333,0,0.0
0.5019444444444444,0,0.0
0.5855555555555555,0,0.0
0.6691666666666667,0,0.0
0.7527777777777778,0,0.0
0.8363888888888888,1,1.195616074393889
